{
  "project_info": {
    "project_number": "198166831953",
    "project_id": "calculadora-6d2f6",
    "storage_bucket": "calculadora-6d2f6.appspot.com"
  },
  "client": [
    {
      "client_info": {
        "mobilesdk_app_id": "1:198166831953:android:915bc886757ea7e4742970",
        "android_client_info": {
          "package_name": "com.example.calculadora2"
        }
      },
      "oauth_client": [],
      "api_key": [
        {
          "current_key": "AIzaSyD2vubgM4va8DVQJBhC8_rZu-Cb8Zzjrhg"
        }
      ],
      "services": {
        "appinvite_service": {
          "other_platform_oauth_client": []
        }
      }
    }
  ],
  "configuration_version": "1"
}